Feature,icc_matrix
SUVmean,0.998219969
SUVmax,1
PSMA.TV,0.999516305
CTmean,0.886911763
CTmin,0.731356163
CTmax,0.944959427
